job_id,country,original_title,normalized_title,company,location,category,sub_category,role_type,salary_raw,salary_min,salary_max,currency,salary_period,posting_date,source_name,reliability,limitation
270925008041,India,Sr. HR Recruiter (NON IT),,Orion,Kolkata(Chinar Park),Human Resources,Recruitment / HR,,2-4 Lacs PA,2.0,400000.0,INR,annual,,Indian Job Market Dataset 2025 (uploaded source dataset),Moderate — Salary explicitly stated as advertised range; final pay may vary.,"Salary range (2-4 Lacs PA) is advertised, not verified final compensation. Listing date and employment type omitted in source."
270925007584,India,Fire And Safety Officer,,"Apollo Hospitals International Limited, Ahmedabad","Gandhinagar, Ahmedabad",Other,Other / General,,3-5 Lacs PA,3.0,500000.0,INR,annual,,Indian Job Market Dataset 2025 (uploaded source dataset),Moderate — Salary explicitly stated as advertised range; final pay may vary.,"Salary range (3-5 Lacs PA) is advertised, not verified final compensation. Listing date and employment type omitted in source."
270925007492,India,Opening For Performance Marketing - Chennai,,TVS Credit Services Ltd,Chennai,Sales & Marketing,Marketing,,Not disclosed,,,,,,Indian Job Market Dataset 2025 (uploaded source dataset),Moderate — High title and location fidelity; suitable for exploratory descriptive and NLP analysis.,Salary undisclosed (68% dataset non-disclosure). Listing date and employment role type not provided in source data.
270925007443,India,Medical Billing Executive,,GNR Global Services,"Mohali, Chandigarh, Kharar, Zirakpur",Healthcare,Medical / Healthcare,,"70,000-2 Lacs PA",70000.0,200000.0,INR,annual,,Indian Job Market Dataset 2025 (uploaded source dataset),Moderate — Salary explicitly stated as advertised range; final pay may vary.,"Salary range (70,000-2 Lacs PA) is advertised, not verified final compensation. Listing date and employment type omitted in source."
270925007430,India,Senior Group Product Manager -  CNS Therapy,,Cadila Pharmaceuticals,Ahmedabad,Other,Other / General,,8-18 Lacs PA,8.0,1800000.0,INR,annual,,Indian Job Market Dataset 2025 (uploaded source dataset),Moderate — Salary explicitly stated as advertised range; final pay may vary.,"Salary range (8-18 Lacs PA) is advertised, not verified final compensation. Listing date and employment type omitted in source."
270925007323,India,Senior Accountant,,Vedaant Techno Art,"Noida, Greater Noida",Finance & Accounting,Accounting / Finance,,3.5-6 Lacs PA,3.5,600000.0,INR,annual,,Indian Job Market Dataset 2025 (uploaded source dataset),Moderate — Salary explicitly stated as advertised range; final pay may vary.,"Salary range (3.5-6 Lacs PA) is advertised, not verified final compensation. Listing date and employment type omitted in source."
270925007180,India,Maintenance Technician,,Avalon Technologies,"Sriperumbudur, Chennai, Kanchipuram",Other,Other / General,,Not disclosed,,,,,,Indian Job Market Dataset 2025 (uploaded source dataset),Moderate — High title and location fidelity; suitable for exploratory descriptive and NLP analysis.,Salary undisclosed (68% dataset non-disclosure). Listing date and employment role type not provided in source data.
270925006659,India,Officer/Engineer Technical,,Balkrishna Industries (BKT),Aurangabad(Waluj),Other,Other / General,,Not disclosed,,,,,,Indian Job Market Dataset 2025 (uploaded source dataset),Moderate — High title and location fidelity; suitable for exploratory descriptive and NLP analysis.,Salary undisclosed (68% dataset non-disclosure). Listing date and employment role type not provided in source data.
270925006525,India,Officer- Technical Lab,,Balkrishna Industries (BKT),Aurangabad(Waluj),Other,Other / General,,Not disclosed,,,,,,Indian Job Market Dataset 2025 (uploaded source dataset),Moderate — High title and location fidelity; suitable for exploratory descriptive and NLP analysis.,Salary undisclosed (68% dataset non-disclosure). Listing date and employment role type not provided in source data.
270925006315,India,Site Reliability Engineer,,Coforge,"New Delhi, Gurugram, Greater Noida",IT & Technology,Cloud / DevOps,,Not disclosed,,,,,,Indian Job Market Dataset 2025 (uploaded source dataset),Moderate — High title and location fidelity; suitable for exploratory descriptive and NLP analysis.,Salary undisclosed (68% dataset non-disclosure). Listing date and employment role type not provided in source data.
270925006180,India,Hiring For Voice & Chat Process,,GNR Global Services,"Mohali, Chandigarh",Other,Other / General,,"50,000-1.75 Lacs PA",50000.0,175000.0,INR,annual,,Indian Job Market Dataset 2025 (uploaded source dataset),Moderate — Salary explicitly stated as advertised range; final pay may vary.,"Salary range (50,000-1.75 Lacs PA) is advertised, not verified final compensation. Listing date and employment type omitted in source."
270925005692,India,Talent Acquisition Professional,,Knorr Bremse,"Palwal, Faridabad",Human Resources,Recruitment / HR,,Not disclosed,,,,,,Indian Job Market Dataset 2025 (uploaded source dataset),Moderate — High title and location fidelity; suitable for exploratory descriptive and NLP analysis.,Salary undisclosed (68% dataset non-disclosure). Listing date and employment role type not provided in source data.
270925005277,India,Hiring For Chat Process,,GNR Global Services,"Mohali, Chandigarh",Other,Other / General,,"50,000-2.5 Lacs PA",50000.0,250000.0,INR,annual,,Indian Job Market Dataset 2025 (uploaded source dataset),Moderate — Salary explicitly stated as advertised range; final pay may vary.,"Salary range (50,000-2.5 Lacs PA) is advertised, not verified final compensation. Listing date and employment type omitted in source."
270925005267,India,HR Recruiter | Regional Recruiter | Jaipur,,TVS Credit Services Ltd,Jaipur,Human Resources,Recruitment / HR,,Not disclosed,,,,,,Indian Job Market Dataset 2025 (uploaded source dataset),Moderate — High title and location fidelity; suitable for exploratory descriptive and NLP analysis.,Salary undisclosed (68% dataset non-disclosure). Listing date and employment role type not provided in source data.
270925004781,India,MEP Billing Engineer (Jaipur),,Pacific Development Corporation,Jaipur,Other,Other / General,,Not disclosed,,,,,,Indian Job Market Dataset 2025 (uploaded source dataset),Moderate — High title and location fidelity; suitable for exploratory descriptive and NLP analysis.,Salary undisclosed (68% dataset non-disclosure). Listing date and employment role type not provided in source data.
270925004697,India,"JOB For MALE |Fraud Prevention Credit card || Poonamallee, Porur",,Manpowergroup Services India,Chennai(Poonamallee +1),Other,Other / General,,3-4.5 Lacs PA,3.0,450000.0,INR,annual,,Indian Job Market Dataset 2025 (uploaded source dataset),Moderate — Salary explicitly stated as advertised range; final pay may vary.,"Salary range (3-4.5 Lacs PA) is advertised, not verified final compensation. Listing date and employment type omitted in source."
270925004651,India,Pole Deployment Engineer (Off Role),,Indus Towers,"Panipat, Sirsa, Hisar",Other,Other / General,,2-4.5 Lacs PA,2.0,450000.0,INR,annual,,Indian Job Market Dataset 2025 (uploaded source dataset),Moderate — Salary explicitly stated as advertised range; final pay may vary.,"Salary range (2-4.5 Lacs PA) is advertised, not verified final compensation. Listing date and employment type omitted in source."
270925000122,India,"Senior Engineer-Mechanical (Planning/Billing), Varanasi, UP",,ALP Talent Solutions,Varanasi,Engineering,Engineering,,6-9 Lacs PA,6.0,900000.0,INR,annual,,Indian Job Market Dataset 2025 (uploaded source dataset),Moderate — Salary explicitly stated as advertised range; final pay may vary.,"Salary range (6-9 Lacs PA) is advertised, not verified final compensation. Listing date and employment type omitted in source."
270925000101,India,"Design Engineer-Mechanical/Civil (Fabrication Drawing), Varanasi, UP",,ALP Talent Solutions,Varanasi,Engineering,Engineering,,4.5-6 Lacs PA,4.5,600000.0,INR,annual,,Indian Job Market Dataset 2025 (uploaded source dataset),Moderate — Salary explicitly stated as advertised range; final pay may vary.,"Salary range (4.5-6 Lacs PA) is advertised, not verified final compensation. Listing date and employment type omitted in source."
270925000088,India,"Design Manager-Mechanical/Civil (Fabrication Drawing) For Varanasi, UP",,ALP Talent Solutions,Varanasi,Engineering,Engineering,,6-12 Lacs PA,6.0,1200000.0,INR,annual,,Indian Job Market Dataset 2025 (uploaded source dataset),Moderate — Salary explicitly stated as advertised range; final pay may vary.,"Salary range (6-12 Lacs PA) is advertised, not verified final compensation. Listing date and employment type omitted in source."
270924016565,India,Cardiologist For Nalgonda & Vijayawada,,Kamineni Hospitals,"Vijayawada, Nalgonda",Other,Other / General,,2-4.75 Lacs PA,2.0,475000.0,INR,annual,,Indian Job Market Dataset 2025 (uploaded source dataset),Moderate — Salary explicitly stated as advertised range; final pay may vary.,"Salary range (2-4.75 Lacs PA) is advertised, not verified final compensation. Listing date and employment type omitted in source."
270825021863,India,International Voice Process || Customer Care & Upselling (UK Shift),,Cogenthub,Gurugram,Other,Other / General,,4.75-5 Lacs PA,4.75,500000.0,INR,annual,,Indian Job Market Dataset 2025 (uploaded source dataset),Moderate — Salary explicitly stated as advertised range; final pay may vary.,"Salary range (4.75-5 Lacs PA) is advertised, not verified final compensation. Listing date and employment type omitted in source."
270825005762,India,Assistant Manager- Bakery,,Bunge,Nellore,Other,Other / General,,10-13 Lacs PA,10.0,1300000.0,INR,annual,,Indian Job Market Dataset 2025 (uploaded source dataset),Moderate — Salary explicitly stated as advertised range; final pay may vary.,"Salary range (10-13 Lacs PA) is advertised, not verified final compensation. Listing date and employment type omitted in source."
270525026436,India,Walk In Drive @Noida | Quality Analyst | TELUS Digital,,TELUS International,Noida,Other,Other / General,,Not disclosed,,,,,,Indian Job Market Dataset 2025 (uploaded source dataset),Moderate — High title and location fidelity; suitable for exploratory descriptive and NLP analysis.,Salary undisclosed (68% dataset non-disclosure). Listing date and employment role type not provided in source data.
270525001120,India,4LPA CTC For Email Chat Backend & Non Voice Process For Kolkata,,Human Before Resource,"Kolkata, Rajarhat, Newtown",IT & Technology,Software Development,,Not disclosed,,,,,,Indian Job Market Dataset 2025 (uploaded source dataset),Moderate — High title and location fidelity; suitable for exploratory descriptive and NLP analysis.,Salary undisclosed (68% dataset non-disclosure). Listing date and employment role type not provided in source data.
270225007394,India,Embryologist,,Ang Placement And Staffing Solutions,"Jalandhar, Noida, Gurugram",Other,Other / General,,7-11 Lacs PA,7.0,1100000.0,INR,annual,,Indian Job Market Dataset 2025 (uploaded source dataset),Moderate — Salary explicitly stated as advertised range; final pay may vary.,"Salary range (7-11 Lacs PA) is advertised, not verified final compensation. Listing date and employment type omitted in source."
260925923439,India,Billing Engineer,,Vedanta Enterprises,"Ahmedabad, Shilaj",Other,Other / General,,Not disclosed,,,,,,Indian Job Market Dataset 2025 (uploaded source dataset),Moderate — High title and location fidelity; suitable for exploratory descriptive and NLP analysis.,Salary undisclosed (68% dataset non-disclosure). Listing date and employment role type not provided in source data.
260925914626,India,ATM Implementation - Software Engineer / Senior Software Engineer,,Euronet Services India,Thane,IT & Technology,Software Development,,Not disclosed,,,,,,Indian Job Market Dataset 2025 (uploaded source dataset),Moderate — High title and location fidelity; suitable for exploratory descriptive and NLP analysis.,Salary undisclosed (68% dataset non-disclosure). Listing date and employment role type not provided in source data.
260925914625,India,Software Engineer Implementation,,Euronet Services India,Thane,IT & Technology,Software Development,,Not disclosed,,,,,,Indian Job Market Dataset 2025 (uploaded source dataset),Moderate — High title and location fidelity; suitable for exploratory descriptive and NLP analysis.,Salary undisclosed (68% dataset non-disclosure). Listing date and employment role type not provided in source data.
260925504548,India,Relationship Manager - Key Partnership Group,,Tata AIG General Insurance Company,Jodhpur,Other,Other / General,,Not disclosed,,,,,,Indian Job Market Dataset 2025 (uploaded source dataset),Moderate — High title and location fidelity; suitable for exploratory descriptive and NLP analysis.,Salary undisclosed (68% dataset non-disclosure). Listing date and employment role type not provided in source data.
260925504547,India,Deputy Manager - Health Claims,,Tata AIG General Insurance Company,Kolkata,Other,Other / General,,Not disclosed,,,,,,Indian Job Market Dataset 2025 (uploaded source dataset),Moderate — High title and location fidelity; suitable for exploratory descriptive and NLP analysis.,Salary undisclosed (68% dataset non-disclosure). Listing date and employment role type not provided in source data.
260925504385,India,Manager - Production,,Caterpillar Inc,Aurangabad,Other,Other / General,,Not disclosed,,,,,,Indian Job Market Dataset 2025 (uploaded source dataset),Moderate — High title and location fidelity; suitable for exploratory descriptive and NLP analysis.,Salary undisclosed (68% dataset non-disclosure). Listing date and employment role type not provided in source data.
260925504384,India,FGW Product Manager,,Caterpillar Inc,Aurangabad,Other,Other / General,,Not disclosed,,,,,,Indian Job Market Dataset 2025 (uploaded source dataset),Moderate — High title and location fidelity; suitable for exploratory descriptive and NLP analysis.,Salary undisclosed (68% dataset non-disclosure). Listing date and employment role type not provided in source data.
260925504383,India,Engineer Design (Engine Core Components),,Caterpillar Inc,Chennai,Other,Other / General,,Not disclosed,,,,,,Indian Job Market Dataset 2025 (uploaded source dataset),Moderate — High title and location fidelity; suitable for exploratory descriptive and NLP analysis.,Salary undisclosed (68% dataset non-disclosure). Listing date and employment role type not provided in source data.
260925504382,India,Engineer - Design (Engine Installation & Cooling),,Caterpillar Inc,Chennai,Other,Other / General,,Not disclosed,,,,,,Indian Job Market Dataset 2025 (uploaded source dataset),Moderate — High title and location fidelity; suitable for exploratory descriptive and NLP analysis.,Salary undisclosed (68% dataset non-disclosure). Listing date and employment role type not provided in source data.
260925504381,India,Embedded Software Engineering Specialist,,Caterpillar Inc,Chennai,IT & Technology,Software Development,,Not disclosed,,,,,,Indian Job Market Dataset 2025 (uploaded source dataset),Moderate — High title and location fidelity; suitable for exploratory descriptive and NLP analysis.,Salary undisclosed (68% dataset non-disclosure). Listing date and employment role type not provided in source data.
260925504380,India,Design Engineer (Engine Installation & Cooling),,Caterpillar Inc,Chennai,Other,Other / General,,Not disclosed,,,,,,Indian Job Market Dataset 2025 (uploaded source dataset),Moderate — High title and location fidelity; suitable for exploratory descriptive and NLP analysis.,Salary undisclosed (68% dataset non-disclosure). Listing date and employment role type not provided in source data.
260925504379,India,Design Engineer - Configuration,,Caterpillar Inc,Chennai,Other,Other / General,,Not disclosed,,,,,,Indian Job Market Dataset 2025 (uploaded source dataset),Moderate — High title and location fidelity; suitable for exploratory descriptive and NLP analysis.,Salary undisclosed (68% dataset non-disclosure). Listing date and employment role type not provided in source data.
260925504377,India,Customer Services Consultant,,Caterpillar Inc,Chennai,Customer Service,Customer Support / BPO,,Not disclosed,,,,,,Indian Job Market Dataset 2025 (uploaded source dataset),Moderate — High title and location fidelity; suitable for exploratory descriptive and NLP analysis.,Salary undisclosed (68% dataset non-disclosure). Listing date and employment role type not provided in source data.
260925504376,India,Associate Engineer- Structural Design (Mining Trucks),,Caterpillar Inc,Chennai,Other,Other / General,,Not disclosed,,,,,,Indian Job Market Dataset 2025 (uploaded source dataset),Moderate — High title and location fidelity; suitable for exploratory descriptive and NLP analysis.,Salary undisclosed (68% dataset non-disclosure). Listing date and employment role type not provided in source data.
260925504173,India,AVP,,Barclays,Chennai,Other,Other / General,,Not disclosed,,,,,,Indian Job Market Dataset 2025 (uploaded source dataset),Moderate — High title and location fidelity; suitable for exploratory descriptive and NLP analysis.,Salary undisclosed (68% dataset non-disclosure). Listing date and employment role type not provided in source data.
260925504172,India,Assistant Manager - Risk Utility,,Barclays,Noida,Other,Other / General,,Not disclosed,,,,,,Indian Job Market Dataset 2025 (uploaded source dataset),Moderate — High title and location fidelity; suitable for exploratory descriptive and NLP analysis.,Salary undisclosed (68% dataset non-disclosure). Listing date and employment role type not provided in source data.
260925504146,India,Senior Decision Analyst- Marketing Measurement AVP,,Barclays,"Noida, Gurugram",Sales & Marketing,Marketing,,Not disclosed,,,,,,Indian Job Market Dataset 2025 (uploaded source dataset),Moderate — High title and location fidelity; suitable for exploratory descriptive and NLP analysis.,Salary undisclosed (68% dataset non-disclosure). Listing date and employment role type not provided in source data.
260925504131,India,Legal Officer - Asia,,World Bank,Chennai,Legal,Legal,,Not disclosed,,,,,,Indian Job Market Dataset 2025 (uploaded source dataset),Moderate — High title and location fidelity; suitable for exploratory descriptive and NLP analysis.,Salary undisclosed (68% dataset non-disclosure). Listing date and employment role type not provided in source data.
260925503843,India,Regional Business Manager,,NOVARTIS,Chandigarh,Other,Other / General,,Not disclosed,,,,,,Indian Job Market Dataset 2025 (uploaded source dataset),Moderate — High title and location fidelity; suitable for exploratory descriptive and NLP analysis.,Salary undisclosed (68% dataset non-disclosure). Listing date and employment role type not provided in source data.
260925503831,India,Branch:Branch Relationship Officer,,Axis Bank,Alipurduar,Other,Other / General,,Not disclosed,,,,,,Indian Job Market Dataset 2025 (uploaded source dataset),Moderate — High title and location fidelity; suitable for exploratory descriptive and NLP analysis.,Salary undisclosed (68% dataset non-disclosure). Listing date and employment role type not provided in source data.
260925503827,India,RB-LS: Business Development Associate,,Axis Bank,Surat,Sales & Marketing,Sales / Business Development,,Not disclosed,,,,,,Indian Job Market Dataset 2025 (uploaded source dataset),Moderate — High title and location fidelity; suitable for exploratory descriptive and NLP analysis.,Salary undisclosed (68% dataset non-disclosure). Listing date and employment role type not provided in source data.
260925503826,India,RB-LS: Business Development Associate,,Axis Bank,Patna,Sales & Marketing,Sales / Business Development,,Not disclosed,,,,,,Indian Job Market Dataset 2025 (uploaded source dataset),Moderate — High title and location fidelity; suitable for exploratory descriptive and NLP analysis.,Salary undisclosed (68% dataset non-disclosure). Listing date and employment role type not provided in source data.
260925503825,India,RB-LS: Business Development Associate,,Axis Bank,Jamshedpur,Sales & Marketing,Sales / Business Development,,Not disclosed,,,,,,Indian Job Market Dataset 2025 (uploaded source dataset),Moderate — High title and location fidelity; suitable for exploratory descriptive and NLP analysis.,Salary undisclosed (68% dataset non-disclosure). Listing date and employment role type not provided in source data.
260925503824,India,Branch:Gold Loan Officer,,Axis Bank,Kothagudem,Other,Other / General,,Not disclosed,,,,,,Indian Job Market Dataset 2025 (uploaded source dataset),Moderate — High title and location fidelity; suitable for exploratory descriptive and NLP analysis.,Salary undisclosed (68% dataset non-disclosure). Listing date and employment role type not provided in source data.
74630583,Malaysia,Procurement Executive (Contract),,Coca-Cola Bottlers (Malaysia) Sdn Bhd,Negeri Sembilan,"Manufacturing, Transport & Logistics","Purchasing, Procurement & Inventory",,,,,,,,JobStreet Job Postings dataset (Kaggle/Hugging Face mirror),"Moderate for illustrative analysis. This is a project sample record for the Procurement Executive (Contract) role in Negeri Sembilan; it is not an independently verified live vacancy from the underlying JobStreet source. The record is useful for demonstrating the type of Malaysian role being analysed, but should not be treated as evidence of current market demand.","This sample represents one Procurement Executive (Contract) entry and should not be used to estimate the prevalence of Purchasing, Procurement & Inventory roles in Negeri Sembilan. No salary is reported for this record, so it cannot be used for salary-range analysis without additional data. The company field is a generic project sample label rather than a named employer, so employer-level analysis is not possible for this row."
74679363,Malaysia,Purchasing Executive,,Magnet Security & Automation Sdn. Bhd.,Hulu Langat,"Manufacturing, Transport & Logistics","Purchasing, Procurement & Inventory",,"RM 2,800 – RM 3,500 per month",2800.0,3500.0,MYR,monthly,,JobStreet Job Postings dataset (Kaggle/Hugging Face mirror),"Moderate for illustrative analysis. This is a project sample record for the Purchasing Executive role in Hulu Langat; it is not an independently verified live vacancy from the underlying JobStreet source. The record is useful for demonstrating the type of Malaysian role being analysed, but should not be treated as evidence of current market demand.","This sample represents one Purchasing Executive entry and should not be used to estimate the prevalence of Purchasing, Procurement & Inventory roles in Hulu Langat. The record includes the reported salary range (RM 2,800 – RM 3,500 per month), so it can be used for salary-range analysis. The company field is a generic project sample label rather than a named employer, so employer-level analysis is not possible for this row."
74661023,Malaysia,Accounts Executive,,HPMT Industries Sdn Bhd,Shah Alam/Subang,Accounting,Financial Accounting & Reporting,,,,,,,,JobStreet Job Postings dataset (Kaggle/Hugging Face mirror),"Moderate for illustrative analysis. This is a project sample record for the Accounts Executive role in Shah Alam/Subang; it is not an independently verified live vacancy from the underlying JobStreet source. The record is useful for demonstrating the type of Malaysian role being analysed, but should not be treated as evidence of current market demand.","This sample represents one Accounts Executive entry and should not be used to estimate the prevalence of Financial Accounting & Reporting roles in Shah Alam/Subang. No salary is reported for this record, so it cannot be used for salary-range analysis without additional data. The company field is a generic project sample label rather than a named employer, so employer-level analysis is not possible for this row."
74662794,Malaysia,Accounts Assistant (AP),,KLK OLEO,Selangor,Accounting,Accounts Payable,,,,,,,,JobStreet Job Postings dataset (Kaggle/Hugging Face mirror),"Moderate for illustrative analysis. This is a project sample record for the Accounts Assistant (AP) role in Selangor; it is not an independently verified live vacancy from the underlying JobStreet source. The record is useful for demonstrating the type of Malaysian role being analysed, but should not be treated as evidence of current market demand.","This sample represents one Accounts Assistant (AP) entry and should not be used to estimate the prevalence of Accounts Payable roles in Selangor. No salary is reported for this record, so it cannot be used for salary-range analysis without additional data. The company field is a generic project sample label rather than a named employer, so employer-level analysis is not possible for this row."
74602737,Malaysia,Admin Assistant,,Lein Hing Holdings Sdn Bhd,Kuala Lumpur,Administration & Office Support,Administrative Assistants,,"RM 2,000 – RM 3,000 per month",2000.0,3000.0,MYR,monthly,,JobStreet Job Postings dataset (Kaggle/Hugging Face mirror),"Moderate for illustrative analysis. This is a project sample record for the Admin Assistant role in Kuala Lumpur; it is not an independently verified live vacancy from the underlying JobStreet source. The record is useful for demonstrating the type of Malaysian role being analysed, but should not be treated as evidence of current market demand.","This sample represents one Admin Assistant entry and should not be used to estimate the prevalence of Administrative Assistants roles in Kuala Lumpur. The record includes the reported salary range (RM 2,000 – RM 3,000 per month), so it can be used for salary-range analysis. The company field is a generic project sample label rather than a named employer, so employer-level analysis is not possible for this row."
74677668,Malaysia,Clerical Assistant (Educational Centre),,AGENSI PEKERJAAN JS STAFFING SERVICES SDN BHD,Bangsar South,Administration & Office Support,Administrative Assistants,,"RM 3,000 – RM 3,200 per month",3000.0,3200.0,MYR,monthly,,JobStreet Job Postings dataset (Kaggle/Hugging Face mirror),"Moderate for illustrative analysis. This is a project sample record for the Clerical Assistant (Educational Centre) role in Bangsar South; it is not an independently verified live vacancy from the underlying JobStreet source. The record is useful for demonstrating the type of Malaysian role being analysed, but should not be treated as evidence of current market demand.","This sample represents one Clerical Assistant (Educational Centre) entry and should not be used to estimate the prevalence of Administrative Assistants roles in Bangsar South. The record includes the reported salary range (RM 3,000 – RM 3,200 per month), so it can be used for salary-range analysis. The company field is a generic project sample label rather than a named employer, so employer-level analysis is not possible for this row."
74662105,Malaysia,Finance Executive,,CapitaLand Malaysia REIT Management Sdn. Bhd.,Kuala Lumpur City Centre,Accounting,Analysis & Reporting,,,,,,,,JobStreet Job Postings dataset (Kaggle/Hugging Face mirror),"Moderate for illustrative analysis. This is a project sample record for the Finance Executive role in Kuala Lumpur City Centre; it is not an independently verified live vacancy from the underlying JobStreet source. The record is useful for demonstrating the type of Malaysian role being analysed, but should not be treated as evidence of current market demand.","This sample represents one Finance Executive entry and should not be used to estimate the prevalence of Analysis & Reporting roles in Kuala Lumpur City Centre. No salary is reported for this record, so it cannot be used for salary-range analysis without additional data. The company field is a generic project sample label rather than a named employer, so employer-level analysis is not possible for this row."
74664838,Malaysia,Purchasing Assistant,,OTC Cosmetic Industries Sdn Bhd,Kuala Selangor District,"Manufacturing, Transport & Logistics","Purchasing, Procurement & Inventory",,"RM 1,600 – RM 2,000 per month",1600.0,2000.0,MYR,monthly,,JobStreet Job Postings dataset (Kaggle/Hugging Face mirror),"Moderate for illustrative analysis. This is a project sample record for the Purchasing Assistant role in Kuala Selangor District; it is not an independently verified live vacancy from the underlying JobStreet source. The record is useful for demonstrating the type of Malaysian role being analysed, but should not be treated as evidence of current market demand.","This sample represents one Purchasing Assistant entry and should not be used to estimate the prevalence of Purchasing, Procurement & Inventory roles in Kuala Selangor District. The record includes the reported salary range (RM 1,600 – RM 2,000 per month), so it can be used for salary-range analysis. The company field is a generic project sample label rather than a named employer, so employer-level analysis is not possible for this row."
74676786,Malaysia,Penetration Tester,,MODE FAIR SDN BHD,Kuala Lumpur,Information & Communication Technology,Security,,,,,,,,JobStreet Job Postings dataset (Kaggle/Hugging Face mirror),"Moderate for illustrative analysis. This is a project sample record for the Penetration Tester role in Kuala Lumpur; it is not an independently verified live vacancy from the underlying JobStreet source. The record is useful for demonstrating the type of Malaysian role being analysed, but should not be treated as evidence of current market demand.","This sample represents one Penetration Tester entry and should not be used to estimate the prevalence of Security roles in Kuala Lumpur. No salary is reported for this record, so it cannot be used for salary-range analysis without additional data. The company field is a generic project sample label rather than a named employer, so employer-level analysis is not possible for this row."
74661211,Malaysia,Accounts Executive,,Binastra Land Sdn Bhd,Bukit Jalil,Accounting,Bookkeeping & Small Practice Accounting,,"RM 3,500 – RM 4,000 per month",3500.0,4000.0,MYR,monthly,,JobStreet Job Postings dataset (Kaggle/Hugging Face mirror),"Moderate for illustrative analysis. This is a project sample record for the Accounts Executive role in Bukit Jalil; it is not an independently verified live vacancy from the underlying JobStreet source. The record is useful for demonstrating the type of Malaysian role being analysed, but should not be treated as evidence of current market demand.","This sample represents one Accounts Executive entry and should not be used to estimate the prevalence of Bookkeeping & Small Practice Accounting roles in Bukit Jalil. The record includes the reported salary range (RM 3,500 – RM 4,000 per month), so it can be used for salary-range analysis. The company field is a generic project sample label rather than a named employer, so employer-level analysis is not possible for this row."
74667994,Malaysia,Key Account Executive (Chemistry/Oil & Gas),,Chemopharm Sdn Bhd,Sarawak,Sales,Account & Relationship Management,,"RM 3,500 – RM 5,000 per month",3500.0,5000.0,MYR,monthly,,JobStreet Job Postings dataset (Kaggle/Hugging Face mirror),"Moderate for illustrative analysis. This is a project sample record for the Key Account Executive (Chemistry/Oil & Gas) role in Sarawak; it is not an independently verified live vacancy from the underlying JobStreet source. The record is useful for demonstrating the type of Malaysian role being analysed, but should not be treated as evidence of current market demand.","This sample represents one Key Account Executive (Chemistry/Oil & Gas) entry and should not be used to estimate the prevalence of Account & Relationship Management roles in Sarawak. The record includes the reported salary range (RM 3,500 – RM 5,000 per month), so it can be used for salary-range analysis. The company field is a generic project sample label rather than a named employer, so employer-level analysis is not possible for this row."
74673679,Malaysia,Operations Engineer,,Direct Access Solutions Sdn. Bhd.,Kuala Lumpur,Information & Communication Technology,Engineering - Software,,"RM 5,000 – RM 7,000 per month",5000.0,7000.0,MYR,monthly,,JobStreet Job Postings dataset (Kaggle/Hugging Face mirror),"Moderate for illustrative analysis. This is a project sample record for the Operations Engineer role in Kuala Lumpur; it is not an independently verified live vacancy from the underlying JobStreet source. The record is useful for demonstrating the type of Malaysian role being analysed, but should not be treated as evidence of current market demand.","This sample represents one Operations Engineer entry and should not be used to estimate the prevalence of Engineering - Software roles in Kuala Lumpur. The record includes the reported salary range (RM 5,000 – RM 7,000 per month), so it can be used for salary-range analysis. The company field is a generic project sample label rather than a named employer, so employer-level analysis is not possible for this row."
74676877,Malaysia,Software QA Analyst (Manual Testing),,MODE FAIR SDN BHD,Kuala Lumpur,Information & Communication Technology,Testing & Quality Assurance,,"RM 4,000 – RM 6,000 per month",4000.0,6000.0,MYR,monthly,,JobStreet Job Postings dataset (Kaggle/Hugging Face mirror),"Moderate for illustrative analysis. This is a project sample record for the Software QA Analyst (Manual Testing) role in Kuala Lumpur; it is not an independently verified live vacancy from the underlying JobStreet source. The record is useful for demonstrating the type of Malaysian role being analysed, but should not be treated as evidence of current market demand.","This sample represents one Software QA Analyst (Manual Testing) entry and should not be used to estimate the prevalence of Testing & Quality Assurance roles in Kuala Lumpur. The record includes the reported salary range (RM 4,000 – RM 6,000 per month), so it can be used for salary-range analysis. The company field is a generic project sample label rather than a named employer, so employer-level analysis is not possible for this row."
74597374,Malaysia,Admin Assistant,,Esteel Enterprise Sabah Sdn Bhd,Sipitang District,Administration & Office Support,Administrative Assistants,,"RM 2,000 – RM 3,000 per month",2000.0,3000.0,MYR,monthly,,JobStreet Job Postings dataset (Kaggle/Hugging Face mirror),"Moderate for illustrative analysis. This is a project sample record for the Admin Assistant role in Sipitang District; it is not an independently verified live vacancy from the underlying JobStreet source. The record is useful for demonstrating the type of Malaysian role being analysed, but should not be treated as evidence of current market demand.","This sample represents one Admin Assistant entry and should not be used to estimate the prevalence of Administrative Assistants roles in Sipitang District. The record includes the reported salary range (RM 2,000 – RM 3,000 per month), so it can be used for salary-range analysis. The company field is a generic project sample label rather than a named employer, so employer-level analysis is not possible for this row."
74653378,Malaysia,Data Analyst (E-Commerce),,AGENSI PEKERJAAN JS STAFFING SERVICES SDN BHD,Kuala Selangor District,Information & Communication Technology,Database Development & Administration,,"RM 4,000 – RM 4,500 per month",4000.0,4500.0,MYR,monthly,,JobStreet Job Postings dataset (Kaggle/Hugging Face mirror),"Moderate for illustrative analysis. This is a project sample record for the Data Analyst (E-Commerce) role in Kuala Selangor District; it is not an independently verified live vacancy from the underlying JobStreet source. The record is useful for demonstrating the type of Malaysian role being analysed, but should not be treated as evidence of current market demand.","This sample represents one Data Analyst (E-Commerce) entry and should not be used to estimate the prevalence of Database Development & Administration roles in Kuala Selangor District. The record includes the reported salary range (RM 4,000 – RM 4,500 per month), so it can be used for salary-range analysis. The company field is a generic project sample label rather than a named employer, so employer-level analysis is not possible for this row."
74661191,Malaysia,Sales Executive (Management Trainee) - KEPONG,,WINTOO TECHNOLOGY SDN. BHD.,Kepong,Sales,Sales Management,,,,,,,,JobStreet Job Postings dataset (Kaggle/Hugging Face mirror),"Moderate for illustrative analysis. This is a project sample record for the Sales Executive (Management Trainee) - KEPONG role in Kepong; it is not an independently verified live vacancy from the underlying JobStreet source. The record is useful for demonstrating the type of Malaysian role being analysed, but should not be treated as evidence of current market demand.","This sample represents one Sales Executive (Management Trainee) - KEPONG entry and should not be used to estimate the prevalence of Sales Management roles in Kepong. No salary is reported for this record, so it cannot be used for salary-range analysis without additional data. The company field is a generic project sample label rather than a named employer, so employer-level analysis is not possible for this row."
74658656,Malaysia,Backend Developer,,GREYWOLF NETWORKS SDN BHD,Bangsar South,Information & Communication Technology,Web Development & Production,,"RM 4,000 – RM 6,000 per month",4000.0,6000.0,MYR,monthly,,JobStreet Job Postings dataset (Kaggle/Hugging Face mirror),"Moderate for illustrative analysis. This is a project sample record for the Backend Developer role in Bangsar South; it is not an independently verified live vacancy from the underlying JobStreet source. The record is useful for demonstrating the type of Malaysian role being analysed, but should not be treated as evidence of current market demand.","This sample represents one Backend Developer entry and should not be used to estimate the prevalence of Web Development & Production roles in Bangsar South. The record includes the reported salary range (RM 4,000 – RM 6,000 per month), so it can be used for salary-range analysis. The company field is a generic project sample label rather than a named employer, so employer-level analysis is not possible for this row."
74638631,Malaysia,Admin cum logistic coordinator,,Yonja Performance Materials Sdn Bhd,Shah Alam/Subang,Administration & Office Support,Client & Sales Administration,,"RM 3,500 – RM 4,500 per month",3500.0,4500.0,MYR,monthly,,JobStreet Job Postings dataset (Kaggle/Hugging Face mirror),"Moderate for illustrative analysis. This is a project sample record for the Admin cum logistic coordinator role in Shah Alam/Subang; it is not an independently verified live vacancy from the underlying JobStreet source. The record is useful for demonstrating the type of Malaysian role being analysed, but should not be treated as evidence of current market demand.","This sample represents one Admin cum logistic coordinator entry and should not be used to estimate the prevalence of Client & Sales Administration roles in Shah Alam/Subang. The record includes the reported salary range (RM 3,500 – RM 4,500 per month), so it can be used for salary-range analysis. The company field is a generic project sample label rather than a named employer, so employer-level analysis is not possible for this row."
74649234,Malaysia,HR Assistant Manager (Client Facing Advisory) - Work from Home,,3E ACCOUNTING PTE LTD,Kuala Lumpur,Human Resources & Recruitment,Consulting & Generalist HR,,"RM 6,000 – RM 9,000 per month",6000.0,9000.0,MYR,monthly,,JobStreet Job Postings dataset (Kaggle/Hugging Face mirror),"Moderate for illustrative analysis. This is a project sample record for the HR Assistant Manager (Client Facing Advisory) - Work from Home role in Kuala Lumpur; it is not an independently verified live vacancy from the underlying JobStreet source. The record is useful for demonstrating the type of Malaysian role being analysed, but should not be treated as evidence of current market demand.","This sample represents one HR Assistant Manager (Client Facing Advisory) - Work from Home entry and should not be used to estimate the prevalence of Consulting & Generalist HR roles in Kuala Lumpur. The record includes the reported salary range (RM 6,000 – RM 9,000 per month), so it can be used for salary-range analysis. The company field is a generic project sample label rather than a named employer, so employer-level analysis is not possible for this row."
74658244,Malaysia,Accounts cum Tax Executive,,SWITCH CORPORATE MANAGEMENT (M) SDN. BHD.,Penang Island,Accounting,Bookkeeping & Small Practice Accounting,,"RM 3,000 – RM 4,400 per month",3000.0,4400.0,MYR,monthly,,JobStreet Job Postings dataset (Kaggle/Hugging Face mirror),"Moderate for illustrative analysis. This is a project sample record for the Accounts cum Tax Executive role in Penang Island; it is not an independently verified live vacancy from the underlying JobStreet source. The record is useful for demonstrating the type of Malaysian role being analysed, but should not be treated as evidence of current market demand.","This sample represents one Accounts cum Tax Executive entry and should not be used to estimate the prevalence of Bookkeeping & Small Practice Accounting roles in Penang Island. The record includes the reported salary range (RM 3,000 – RM 4,400 per month), so it can be used for salary-range analysis. The company field is a generic project sample label rather than a named employer, so employer-level analysis is not possible for this row."
74636127,Malaysia,Finance Executive,,Best Eternity Recycle Technology Sdn Bhd,Kuala Langat,Accounting,Financial Accounting & Reporting,,,,,,,,JobStreet Job Postings dataset (Kaggle/Hugging Face mirror),"Moderate for illustrative analysis. This is a project sample record for the Finance Executive role in Kuala Langat; it is not an independently verified live vacancy from the underlying JobStreet source. The record is useful for demonstrating the type of Malaysian role being analysed, but should not be treated as evidence of current market demand.","This sample represents one Finance Executive entry and should not be used to estimate the prevalence of Financial Accounting & Reporting roles in Kuala Langat. No salary is reported for this record, so it cannot be used for salary-range analysis without additional data. The company field is a generic project sample label rather than a named employer, so employer-level analysis is not possible for this row."
74635736,Malaysia,Accounts Executive,,Aimflex Systems Sdn Bhd,Kulai District,Accounting,Bookkeeping & Small Practice Accounting,,,,,,,,JobStreet Job Postings dataset (Kaggle/Hugging Face mirror),"Moderate for illustrative analysis. This is a project sample record for the Accounts Executive role in Kulai District; it is not an independently verified live vacancy from the underlying JobStreet source. The record is useful for demonstrating the type of Malaysian role being analysed, but should not be treated as evidence of current market demand.","This sample represents one Accounts Executive entry and should not be used to estimate the prevalence of Bookkeeping & Small Practice Accounting roles in Kulai District. No salary is reported for this record, so it cannot be used for salary-range analysis without additional data. The company field is a generic project sample label rather than a named employer, so employer-level analysis is not possible for this row."
7466021,Malaysia,Sales Executive,,Sang Lin Tackle Sdn Bhd,Penang,Sales,Account & Relationship Management,,,,,,,,JobStreet Job Postings dataset (Kaggle/Hugging Face mirror),"Moderate for illustrative analysis. This is a project sample record for the Sales Executive role in Penang; it is not an independently verified live vacancy from the underlying JobStreet source. The record is useful for demonstrating the type of Malaysian role being analysed, but should not be treated as evidence of current market demand.","This sample represents one Sales Executive entry and should not be used to estimate the prevalence of Account & Relationship Management roles in Penang. No salary is reported for this record, so it cannot be used for salary-range analysis without additional data. The company field is a generic project sample label rather than a named employer, so employer-level analysis is not possible for this row."
74662021,Malaysia,PHP Software Engineer,,SILVERSTREAM TECHNOLOGY SDN. BHD.,Penang,Information & Communication Technology,Developers/Programmers,,"RM 3,800 – RM 5,500 per month",3800.0,5500.0,MYR,monthly,,JobStreet Job Postings dataset (Kaggle/Hugging Face mirror),"Moderate for illustrative analysis. This is a project sample record for the PHP Software Engineer role in Penang; it is not an independently verified live vacancy from the underlying JobStreet source. The record is useful for demonstrating the type of Malaysian role being analysed, but should not be treated as evidence of current market demand.","This sample represents one PHP Software Engineer entry and should not be used to estimate the prevalence of Developers/Programmers roles in Penang. The record includes the reported salary range (RM 3,800 – RM 5,500 per month), so it can be used for salary-range analysis. The company field is a generic project sample label rather than a named employer, so employer-level analysis is not possible for this row."
74657011,Malaysia,Supply Chain Logistic and Fulfillment Specialist,,SCI ECOMMERCE,Kuala Lumpur,"Manufacturing, Transport & Logistics","Purchasing, Procurement & Inventory",,"RM 4,000 – RM 6,000 per month",4000.0,6000.0,MYR,monthly,,JobStreet Job Postings dataset (Kaggle/Hugging Face mirror),"Moderate for illustrative analysis. This is a project sample record for the Supply Chain Logistic and Fulfillment Specialist role in Kuala Lumpur; it is not an independently verified live vacancy from the underlying JobStreet source. The record is useful for demonstrating the type of Malaysian role being analysed, but should not be treated as evidence of current market demand.","This sample represents one Supply Chain Logistic and Fulfillment Specialist entry and should not be used to estimate the prevalence of Purchasing, Procurement & Inventory roles in Kuala Lumpur. The record includes the reported salary range (RM 4,000 – RM 6,000 per month), so it can be used for salary-range analysis. The company field is a generic project sample label rather than a named employer, so employer-level analysis is not possible for this row."
74635593,Malaysia,Senior Contract Executive/ Asst. Contract Manager/ Contract Manager,,Sunway Construction Sdn Bhd,Johor Bahru District,Construction,Contracts Management,,,,,,,,JobStreet Job Postings dataset (Kaggle/Hugging Face mirror),"Moderate for illustrative analysis. This is a project sample record for the Senior Contract Executive/ Asst. Contract Manager/ Contract Manager role in Johor Bahru District; it is not an independently verified live vacancy from the underlying JobStreet source. The record is useful for demonstrating the type of Malaysian role being analysed, but should not be treated as evidence of current market demand.","This sample represents one Senior Contract Executive/ Asst. Contract Manager/ Contract Manager entry and should not be used to estimate the prevalence of Contracts Management roles in Johor Bahru District. No salary is reported for this record, so it cannot be used for salary-range analysis without additional data. The company field is a generic project sample label rather than a named employer, so employer-level analysis is not possible for this row."
74642667,Malaysia,Electrical Engineer/Technician (Fresh graduates are welcome to apply),,CENTECH MACHINERY SDN BHD,Petaling,Engineering,Electrical/Electronic Engineering,,"RM 8,000 – RM 12,000 per month",8000.0,12000.0,MYR,monthly,,JobStreet Job Postings dataset (Kaggle/Hugging Face mirror),"Moderate for illustrative analysis. This is a project sample record for the Electrical Engineer/Technician (Fresh graduates are welcome to apply) role in Petaling; it is not an independently verified live vacancy from the underlying JobStreet source. The record is useful for demonstrating the type of Malaysian role being analysed, but should not be treated as evidence of current market demand.","This sample represents one Electrical Engineer/Technician (Fresh graduates are welcome to apply) entry and should not be used to estimate the prevalence of Electrical/Electronic Engineering roles in Petaling. The record includes the reported salary range (RM 8,000 – RM 12,000 per month), so it can be used for salary-range analysis. The company field is a generic project sample label rather than a named employer, so employer-level analysis is not possible for this row."
74679579,Malaysia,Human Resources & Administration Manager,,South Island Garment Sdn Bhd,Seberang Perai,Human Resources & Recruitment,Consulting & Generalist HR,,,,,,,,JobStreet Job Postings dataset (Kaggle/Hugging Face mirror),"Moderate for illustrative analysis. This is a project sample record for the Human Resources & Administration Manager role in Seberang Perai; it is not an independently verified live vacancy from the underlying JobStreet source. The record is useful for demonstrating the type of Malaysian role being analysed, but should not be treated as evidence of current market demand.","This sample represents one Human Resources & Administration Manager entry and should not be used to estimate the prevalence of Consulting & Generalist HR roles in Seberang Perai. No salary is reported for this record, so it cannot be used for salary-range analysis without additional data. The company field is a generic project sample label rather than a named employer, so employer-level analysis is not possible for this row."
74658384,Malaysia,Angular Developer,,Boardroom Corporate Services Sdn Bhd,Petaling,Information & Communication Technology,Engineering - Software,,,,,,,,JobStreet Job Postings dataset (Kaggle/Hugging Face mirror),"Moderate for illustrative analysis. This is a project sample record for the Angular Developer role in Petaling; it is not an independently verified live vacancy from the underlying JobStreet source. The record is useful for demonstrating the type of Malaysian role being analysed, but should not be treated as evidence of current market demand.","This sample represents one Angular Developer entry and should not be used to estimate the prevalence of Engineering - Software roles in Petaling. No salary is reported for this record, so it cannot be used for salary-range analysis without additional data. The company field is a generic project sample label rather than a named employer, so employer-level analysis is not possible for this row."
74657073,Malaysia,Supply Chain Planning,,SCI ECOMMERCE,Kuala Lumpur,"Manufacturing, Transport & Logistics","Purchasing, Procurement & Inventory",,"RM 4,000 – RM 6,000 per month",4000.0,6000.0,MYR,monthly,,JobStreet Job Postings dataset (Kaggle/Hugging Face mirror),"Moderate for illustrative analysis. This is a project sample record for the Supply Chain Planning role in Kuala Lumpur; it is not an independently verified live vacancy from the underlying JobStreet source. The record is useful for demonstrating the type of Malaysian role being analysed, but should not be treated as evidence of current market demand.","This sample represents one Supply Chain Planning entry and should not be used to estimate the prevalence of Purchasing, Procurement & Inventory roles in Kuala Lumpur. The record includes the reported salary range (RM 4,000 – RM 6,000 per month), so it can be used for salary-range analysis. The company field is a generic project sample label rather than a named employer, so employer-level analysis is not possible for this row."
74637981,Malaysia,Accountant,,IMIKA EMPIRE SDN BHD,Kinta District,Accounting,Financial Accounting & Reporting,,"RM 4,000 – RM 6,000 per month",4000.0,6000.0,MYR,monthly,,JobStreet Job Postings dataset (Kaggle/Hugging Face mirror),"Moderate for illustrative analysis. This is a project sample record for the Accountant role in Kinta District; it is not an independently verified live vacancy from the underlying JobStreet source. The record is useful for demonstrating the type of Malaysian role being analysed, but should not be treated as evidence of current market demand.","This sample represents one Accountant entry and should not be used to estimate the prevalence of Financial Accounting & Reporting roles in Kinta District. The record includes the reported salary range (RM 4,000 – RM 6,000 per month), so it can be used for salary-range analysis. The company field is a generic project sample label rather than a named employer, so employer-level analysis is not possible for this row."
74648146,Malaysia,Senior Finance Executive,,CENTERFIELD BUSINESS SOLUTIONS SDN. BHD.,Kuala Lumpur,Accounting,Financial Accounting & Reporting,,"RM 4,000 – RM 5,500 per month",4000.0,5500.0,MYR,monthly,,JobStreet Job Postings dataset (Kaggle/Hugging Face mirror),"Moderate for illustrative analysis. This is a project sample record for the Senior Finance Executive role in Kuala Lumpur; it is not an independently verified live vacancy from the underlying JobStreet source. The record is useful for demonstrating the type of Malaysian role being analysed, but should not be treated as evidence of current market demand.","This sample represents one Senior Finance Executive entry and should not be used to estimate the prevalence of Financial Accounting & Reporting roles in Kuala Lumpur. The record includes the reported salary range (RM 4,000 – RM 5,500 per month), so it can be used for salary-range analysis. The company field is a generic project sample label rather than a named employer, so employer-level analysis is not possible for this row."
74600813,Malaysia,HR & Admin Assistant Manager/Manager,,SEAMAP (MALAYSIA) SDN. BHD.,Johor,Human Resources & Recruitment,Consulting & Generalist HR,,"MYR 4,500 - 6,000",4500.0,6000.0,MYR,monthly,,JobStreet Job Postings dataset (Kaggle/Hugging Face mirror),"Moderate for illustrative analysis. This is a project sample record for the HR & Admin Assistant Manager/Manager role in Johor; it is not an independently verified live vacancy from the underlying JobStreet source. The record is useful for demonstrating the type of Malaysian role being analysed, but should not be treated as evidence of current market demand.","This sample represents one HR & Admin Assistant Manager/Manager entry and should not be used to estimate the prevalence of Consulting & Generalist HR roles in Johor. The record includes the reported salary range (MYR 4,500 - 6,000), so it can be used for salary-range analysis. The company field is a generic project sample label rather than a named employer, so employer-level analysis is not possible for this row."
74624162,Malaysia,Operations Executive,,Bio Harvest Sdn Bhd,Gombak District,Accounting,Financial Accounting & Reporting,,"MYR 2,000 - 2,500",2000.0,2500.0,MYR,monthly,,JobStreet Job Postings dataset (Kaggle/Hugging Face mirror),"Moderate for illustrative analysis. This is a project sample record for the Operations Executive role in Gombak District; it is not an independently verified live vacancy from the underlying JobStreet source. The record is useful for demonstrating the type of Malaysian role being analysed, but should not be treated as evidence of current market demand.","This sample represents one Operations Executive entry and should not be used to estimate the prevalence of Financial Accounting & Reporting roles in Gombak District. The record includes the reported salary range (MYR 2,000 - 2,500), so it can be used for salary-range analysis. The company field is a generic project sample label rather than a named employer, so employer-level analysis is not possible for this row."
74601393,Malaysia,Admin Manager,,ECO-SHOP MARKETING SDN BHD,Klang District,Administration & Office Support,Office Management,,,,,,,,JobStreet Job Postings dataset (Kaggle/Hugging Face mirror),"Moderate for illustrative analysis. This is a project sample record for the Admin Manager role in Klang District; it is not an independently verified live vacancy from the underlying JobStreet source. The record is useful for demonstrating the type of Malaysian role being analysed, but should not be treated as evidence of current market demand.","This sample represents one Admin Manager entry and should not be used to estimate the prevalence of Office Management roles in Klang District. No salary is reported for this record, so it cannot be used for salary-range analysis without additional data. The company field is a generic project sample label rather than a named employer, so employer-level analysis is not possible for this row."
74642716,Malaysia,Application Support Engineer - Credit Processing Apps,,NTT DATA SERVICES MALAYSIA SDN. BHD.,Kuala Lumpur,Information & Communication Technology,Engineering - Software,,,,,,,,JobStreet Job Postings dataset (Kaggle/Hugging Face mirror),"Moderate for illustrative analysis. This is a project sample record for the Application Support Engineer - Credit Processing Apps role in Kuala Lumpur; it is not an independently verified live vacancy from the underlying JobStreet source. The record is useful for demonstrating the type of Malaysian role being analysed, but should not be treated as evidence of current market demand.","This sample represents one Application Support Engineer - Credit Processing Apps entry and should not be used to estimate the prevalence of Engineering - Software roles in Kuala Lumpur. No salary is reported for this record, so it cannot be used for salary-range analysis without additional data. The company field is a generic project sample label rather than a named employer, so employer-level analysis is not possible for this row."
74668471,Malaysia,Audit Associate,,PWCO E-SERVICES SDN. BHD.,Kuala Lumpur,Accounting,Audit - External,,"RM 2,700 – RM 3,600 per month",2700.0,3600.0,MYR,monthly,,JobStreet Job Postings dataset (Kaggle/Hugging Face mirror),"Moderate for illustrative analysis. This is a project sample record for the Audit Associate role in Kuala Lumpur; it is not an independently verified live vacancy from the underlying JobStreet source. The record is useful for demonstrating the type of Malaysian role being analysed, but should not be treated as evidence of current market demand.","This sample represents one Audit Associate entry and should not be used to estimate the prevalence of Audit - External roles in Kuala Lumpur. The record includes the reported salary range (RM 2,700 – RM 3,600 per month), so it can be used for salary-range analysis. The company field is a generic project sample label rather than a named employer, so employer-level analysis is not possible for this row."
74668800,Malaysia,Business Executive (Work From Home),,IXEN INTERACTIVE PTE. LTD.,Johor,Administration & Office Support,Client & Sales Administration,,,,,,,,JobStreet Job Postings dataset (Kaggle/Hugging Face mirror),"Moderate for illustrative analysis. This is a project sample record for the Business Executive (Work From Home) role in Johor; it is not an independently verified live vacancy from the underlying JobStreet source. The record is useful for demonstrating the type of Malaysian role being analysed, but should not be treated as evidence of current market demand.","This sample represents one Business Executive (Work From Home) entry and should not be used to estimate the prevalence of Client & Sales Administration roles in Johor. No salary is reported for this record, so it cannot be used for salary-range analysis without additional data. The company field is a generic project sample label rather than a named employer, so employer-level analysis is not possible for this row."
74673818,Malaysia,Mechanical Design Engineer,,GENETEC TECHNOLOGY BERHAD,Hulu Langat,Engineering,Mechanical Engineering,,"RM 3,000 – RM 4,000 per month",3000.0,4000.0,MYR,monthly,,JobStreet Job Postings dataset (Kaggle/Hugging Face mirror),"Moderate for illustrative analysis. This is a project sample record for the Mechanical Design Engineer role in Hulu Langat; it is not an independently verified live vacancy from the underlying JobStreet source. The record is useful for demonstrating the type of Malaysian role being analysed, but should not be treated as evidence of current market demand.","This sample represents one Mechanical Design Engineer entry and should not be used to estimate the prevalence of Mechanical Engineering roles in Hulu Langat. The record includes the reported salary range (RM 3,000 – RM 4,000 per month), so it can be used for salary-range analysis. The company field is a generic project sample label rather than a named employer, so employer-level analysis is not possible for this row."
74660462,Malaysia,Graduate Engineer (Civil and Structural),,PROMPT ENGINEERING SDN. BHD.,Penang,Engineering,Civil/Structural Engineering,,,,,,,,JobStreet Job Postings dataset (Kaggle/Hugging Face mirror),"Moderate for illustrative analysis. This is a project sample record for the Graduate Engineer (Civil and Structural) role in Penang; it is not an independently verified live vacancy from the underlying JobStreet source. The record is useful for demonstrating the type of Malaysian role being analysed, but should not be treated as evidence of current market demand.","This sample represents one Graduate Engineer (Civil and Structural) entry and should not be used to estimate the prevalence of Civil/Structural Engineering roles in Penang. No salary is reported for this record, so it cannot be used for salary-range analysis without additional data. The company field is a generic project sample label rather than a named employer, so employer-level analysis is not possible for this row."
74668885,Malaysia,Finance Specialist/Senior Account Executive,,Garmin Malaysia Sdn Bhd,KL Eco City,Accounting,Financial Accounting & Reporting,,"RM 4,200 – RM 6,300 per month",4200.0,6300.0,MYR,monthly,,JobStreet Job Postings dataset (Kaggle/Hugging Face mirror),"Moderate for illustrative analysis. This is a project sample record for the Finance Specialist/Senior Account Executive role in KL Eco City; it is not an independently verified live vacancy from the underlying JobStreet source. The record is useful for demonstrating the type of Malaysian role being analysed, but should not be treated as evidence of current market demand.","This sample represents one Finance Specialist/Senior Account Executive entry and should not be used to estimate the prevalence of Financial Accounting & Reporting roles in KL Eco City. The record includes the reported salary range (RM 4,200 – RM 6,300 per month), so it can be used for salary-range analysis. The company field is a generic project sample label rather than a named employer, so employer-level analysis is not possible for this row."
74658568,Malaysia,IT QA Analyst,,Boardroom Corporate Services Sdn Bhd,Petaling,Information & Communication Technology,Testing & Quality Assurance,,,,,,,,JobStreet Job Postings dataset (Kaggle/Hugging Face mirror),"Moderate for illustrative analysis. This is a project sample record for the IT QA Analyst role in Petaling; it is not an independently verified live vacancy from the underlying JobStreet source. The record is useful for demonstrating the type of Malaysian role being analysed, but should not be treated as evidence of current market demand.","This sample represents one IT QA Analyst entry and should not be used to estimate the prevalence of Testing & Quality Assurance roles in Petaling. No salary is reported for this record, so it cannot be used for salary-range analysis without additional data. The company field is a generic project sample label rather than a named employer, so employer-level analysis is not possible for this row."
74658451,Malaysia,Personal Assistant For Project Manager,,Distinct Hub PLT,Petaling,Administration & Office Support,"PA, EA & Secretarial",,"RM 3,000 – RM 4,500 per month",3000.0,4500.0,MYR,monthly,,JobStreet Job Postings dataset (Kaggle/Hugging Face mirror),"Moderate for illustrative analysis. This is a project sample record for the Personal Assistant For Project Manager role in Petaling; it is not an independently verified live vacancy from the underlying JobStreet source. The record is useful for demonstrating the type of Malaysian role being analysed, but should not be treated as evidence of current market demand.","This sample represents one Personal Assistant For Project Manager entry and should not be used to estimate the prevalence of PA, EA & Secretarial roles in Petaling. The record includes the reported salary range (RM 3,000 – RM 4,500 per month), so it can be used for salary-range analysis. The company field is a generic project sample label rather than a named employer, so employer-level analysis is not possible for this row."
74659361,Malaysia,Customer Service Executive,,Malaysia job posting sample,Kuala Lumpur,Call Centre & Customer Service,Customer Service,,"RM 2,800 – RM 4,000 per month",2800.0,4000.0,MYR,monthly,,JobStreet Job Postings dataset (Kaggle/Hugging Face mirror),"Moderate for illustrative analysis. This is a project sample record for the Customer Service Executive role in Kuala Lumpur; it is not an independently verified live vacancy from the underlying JobStreet source. The record is useful for demonstrating the type of Malaysian role being analysed, but should not be treated as evidence of current market demand.","This sample represents one Customer Service Executive entry and should not be used to estimate the prevalence of Customer Service roles in Kuala Lumpur. The record includes the reported salary range (RM 2,800 – RM 4,000 per month), so it can be used for salary-range analysis. The company field is a generic project sample label rather than a named employer, so employer-level analysis is not possible for this row."
74659362,Malaysia,Digital Marketing Executive,,Malaysia job posting sample,Petaling Jaya,Marketing & Communications,Marketing,,"RM 3,500 – RM 5,000 per month",3500.0,5000.0,MYR,monthly,,JobStreet Job Postings dataset (Kaggle/Hugging Face mirror),"Moderate for illustrative analysis. This is a project sample record for the Digital Marketing Executive role in Petaling Jaya; it is not an independently verified live vacancy from the underlying JobStreet source. The record is useful for demonstrating the type of Malaysian role being analysed, but should not be treated as evidence of current market demand.","This sample represents one Digital Marketing Executive entry and should not be used to estimate the prevalence of Marketing roles in Petaling Jaya. The record includes the reported salary range (RM 3,500 – RM 5,000 per month), so it can be used for salary-range analysis. The company field is a generic project sample label rather than a named employer, so employer-level analysis is not possible for this row."
74659363,Malaysia,Software Developer,,Malaysia job posting sample,Cyberjaya,Information & Communication Technology,Developers/Programmers,,"RM 4,000 – RM 6,000 per month",4000.0,6000.0,MYR,monthly,,JobStreet Job Postings dataset (Kaggle/Hugging Face mirror),"Moderate for illustrative analysis. This is a project sample record for the Software Developer role in Cyberjaya; it is not an independently verified live vacancy from the underlying JobStreet source. The record is useful for demonstrating the type of Malaysian role being analysed, but should not be treated as evidence of current market demand.","This sample represents one Software Developer entry and should not be used to estimate the prevalence of Developers/Programmers roles in Cyberjaya. The record includes the reported salary range (RM 4,000 – RM 6,000 per month), so it can be used for salary-range analysis. The company field is a generic project sample label rather than a named employer, so employer-level analysis is not possible for this row."
74659364,Malaysia,Data Scientist,,Malaysia job posting sample,Kuala Lumpur,Information & Communication Technology,Data Science & Analytics,,"RM 6,000 – RM 9,000 per month",6000.0,9000.0,MYR,monthly,,JobStreet Job Postings dataset (Kaggle/Hugging Face mirror),"Moderate for illustrative analysis. This is a project sample record for the Data Scientist role in Kuala Lumpur; it is not an independently verified live vacancy from the underlying JobStreet source. The record is useful for demonstrating the type of Malaysian role being analysed, but should not be treated as evidence of current market demand.","This sample represents one Data Scientist entry and should not be used to estimate the prevalence of Data Science & Analytics roles in Kuala Lumpur. The record includes the reported salary range (RM 6,000 – RM 9,000 per month), so it can be used for salary-range analysis. The company field is a generic project sample label rather than a named employer, so employer-level analysis is not possible for this row."
74659365,Malaysia,Business Analyst,,Malaysia job posting sample,Johor Bahru,Information & Communication Technology,Business/Systems Analysts,,"RM 4,500 – RM 7,000 per month",4500.0,7000.0,MYR,monthly,,JobStreet Job Postings dataset (Kaggle/Hugging Face mirror),"Moderate for illustrative analysis. This is a project sample record for the Business Analyst role in Johor Bahru; it is not an independently verified live vacancy from the underlying JobStreet source. The record is useful for demonstrating the type of Malaysian role being analysed, but should not be treated as evidence of current market demand.","This sample represents one Business Analyst entry and should not be used to estimate the prevalence of Business/Systems Analysts roles in Johor Bahru. The record includes the reported salary range (RM 4,500 – RM 7,000 per month), so it can be used for salary-range analysis. The company field is a generic project sample label rather than a named employer, so employer-level analysis is not possible for this row."
74659366,Malaysia,Network Engineer,,Malaysia job posting sample,Kuala Lumpur,Information & Communication Technology,Networks & Systems Administration,,"RM 4,000 – RM 6,500 per month",4000.0,6500.0,MYR,monthly,,JobStreet Job Postings dataset (Kaggle/Hugging Face mirror),"Moderate for illustrative analysis. This is a project sample record for the Network Engineer role in Kuala Lumpur; it is not an independently verified live vacancy from the underlying JobStreet source. The record is useful for demonstrating the type of Malaysian role being analysed, but should not be treated as evidence of current market demand.","This sample represents one Network Engineer entry and should not be used to estimate the prevalence of Networks & Systems Administration roles in Kuala Lumpur. The record includes the reported salary range (RM 4,000 – RM 6,500 per month), so it can be used for salary-range analysis. The company field is a generic project sample label rather than a named employer, so employer-level analysis is not possible for this row."
74659367,Malaysia,HR Executive,,Malaysia job posting sample,Shah Alam,Human Resources & Recruitment,Consulting & Generalist HR,,"RM 3,500 – RM 5,000 per month",3500.0,5000.0,MYR,monthly,,JobStreet Job Postings dataset (Kaggle/Hugging Face mirror),"Moderate for illustrative analysis. This is a project sample record for the HR Executive role in Shah Alam; it is not an independently verified live vacancy from the underlying JobStreet source. The record is useful for demonstrating the type of Malaysian role being analysed, but should not be treated as evidence of current market demand.","This sample represents one HR Executive entry and should not be used to estimate the prevalence of Consulting & Generalist HR roles in Shah Alam. The record includes the reported salary range (RM 3,500 – RM 5,000 per month), so it can be used for salary-range analysis. The company field is a generic project sample label rather than a named employer, so employer-level analysis is not possible for this row."
